prod_order|material_group|sales_order|sales_item|job_name
117944894|40BA|8406798|20|
117944898|40BA|8406798|40|
117954013|40BA|8406983|20|
117867771|40BA|8405082|50|
119379786|40BA|8415210|20|
117820006|40BA|8404442|20|
117867787|40BA|8405082|110|
118439882|40BA|8415636|20|
120067494|40BA|8442388|20|
117828569|40BA|8404379|20|
120740423|40BA|8450688|20|
120740427|40BA|8450688|40|
118088883|40BA|8409480|20|
118441861|40BA|8415200|20|
118441904|40BA|8415200|60|
118441907|40BA|8415200|100|
118441910|40BA|8415200|140|
117962060|40BA|8407123|20|
118653418|40BA|8419413|40|
118122475|40BA|8409063|20|
118321615|40BA|8414237|20|
118321618|40BA|8414237|40|
118024830|40BA|8408279|20|
118683635|40BA|8420228|20|
118683639|40BA|8420228|50|
119245187|40BA|8430209|20|
119100358|40BA|8427208|20|
118295884|40BA|8410704|20|
117867764|40BA|8405082|20|
118227799|40BA|8412626|20|
118228042|40BA|8412626|50|
118272492|40BA|8412953|80|
118272497|40BA|8412953|110|
118122479|40BA|8409063|90|
119234921|40BA|8429514|20|
118084546|40BA|8409725|20|
118347088|40BA|8414801|20|
118653411|40BA|8419413|20|
117828214|40BA|8404537|20|
119997777|40BA|8441962|20|
119051287|40BA|8426417|20|
118017532|40BA|8407992|20|
119595084|40BA|8436244|50|
119595090|40BA|8436244|20|
118849511|40BA|8418047|20|
118849517|40BA|8418047|70|
118849514|40BA|8418047|50|
118558878|40BA|8418424|20|
118503625|40BA|8417190|20|
119292188|40BA|8430912|20|
119696926|40BA|8438673|20|
119292191|40BA|8430912|60|
118756620|40BA|8421284|20|
118756623|40BA|8421284|50|
119319234|40BA|8431784|40|
119319240|40BA|8431784|20|
118444980|40BA|8415726|20|
118756626|40BA|8421284|80|
118753539|40BA|8420972|20|
119244290|40BA|8429538|20|
120246700|40BA|8444469|20|
118852704|40BA|8421497|20|
118852707|40BA|8421497|40|
119580488|40BA|8434972|20|
120497919|40BA|8447781|20|
119320092|40BA|8431863|40|
119320095|40BA|8431863|60|
119320102|40BA|8431863|20|
117828573|40BA|8404404|20|
118368219|40BA|8415141|40|
118368245|40BA|8415141|60|
118368251|40BA|8415141|20|
120773657|40BA|8448559|20|
120497913|40BA|8447781|50|
120773661|40BA|8448559|60|
120773665|40BA|8448559|100|
120497916|40BA|8447781|80|
119325234|40BA|8431839|20|
120498121|40BA|8448046|20|
120787385|40BA|8451713|20|
120787388|40BA|8451713|50|
120724391|40BD|8448876|20|MT PROSPECT ICE ARENA
120498124|40BA|8448046|50|
120773669|40BA|8448559|140|
120498127|40BA|8448046|80|
119378538|40BA|8433378|20|
120773677|40BA|8448559|220|
120773681|40BA|8448559|260|
120773685|40BA|8448559|300|
120497800|40BA|8447747|20|
120773673|40BA|8448559|180|
120773689|40BA|8448559|340|
120497806|40BA|8447747|50|
121027093|40BA|8456459|20|
119373500|40BA|8427473|20|
119412876|40BA|8433462|20|
120497803|40BA|8447747|80|
119373583|40BA|8427473|60|
119373586|40BA|8427473|90|
119373598|40BA|8427473|220|
119412879|40BA|8433462|40|
124424815|40BA|8507149|20|
119373589|40BA|8427473|120|
119373595|40BA|8427473|190|
119373604|40BA|8427473|280|
123716632|40BA|8450706|20|
118976431|40BA|8425128|20|
118887473|40BA|8423015|20|
117977760|40BA|8407505|20|
119373592|40BA|8427473|160|
119373601|40BA|8427473|250|
121010181|40BA|8456319|20|
120088957|40BA|8442618|20|
117955109|40BA|8406955|20|
117955113|40BA|8406955|40|
119595011|40BA|8435661|20|
119054445|40BA|8426730|20|
117867779|40BA|8405082|80|
121656243|40BA|8467524|20|
122174385|40BA|8476750|20|
121511614|40BA|8465015|20|
119058257|40BA|8426827|20|
119058260|40BA|8426827|60|
121659278|40BA|8468047|20|
119155061|40BA|8427431|20|
119373608|40BA|8431298|20|
120434923|40BA|8446394|20|
119156463|40BA|8427903|50|
119235373|40BA|8429696|20|
119156460|40BA|8427903|20|
120882910|40BA|8452791|80|
120882920|40BA|8452791|120|
121330245|40BA|8462142|20|
120882896|40BA|8452791|20|
120882900|40BA|8452791|40|
119696259|40BA|8438069|20|
121330251|40BA|8462142|60|
118272487|40BA|8412953|50|
119105592|40BA|8426958|20|
119748564|40BA|8439088|20|
119748561|40BA|8439088|40|
120747751|40BA|8451115|50|
122112217|40BA|8450695|20|
122112220|40BA|8450695|40|
122251635|40BA|8450698|20|
122251638|40BA|8450698|40|
118272300|40BA|8412953|20|
120747745|40BA|8451115|20|
120882904|40BA|8452791|60|
120882914|40BA|8452791|100|
120497516|40BA|8447514|20|
123716635|40BA|8450706|40|
122028544|40BA|8474340|20|
119622237|40BA|8436068|20|
121928956|40BA|8472550|20|
122052214|40BA|8474637|20|
122172107|40BA|8477215|110|
122172115|40BA|8477215|170|
121741576|40BA|8469036|20|
120878855|40BA|8452138|20|
122072342|40BA|8475303|20|
122052211|40BA|8474637|50|
123296675|40BA|8488406|20|
120727824|40BA|8449901|20|
122172111|40BA|8477215|140|
122172123|40BA|8477215|230|
120356784|40BA|8445395|50|
120356660|40BA|8445395|20|
122172095|40BA|8477215|20|
120088960|40BA|8442636|20|
120089703|40BA|8442636|50|
121794228|40BA|8450693|20|
121794231|40BA|8450693|40|
123716626|40BA|8450703|20|
123716629|40BA|8450703|40|
122073403|40BA|8475553|20|
122853198|40BA|8481480|20|
120356788|40BA|8445395|80|
122073421|40BA|8475553|80|
120356792|40BA|8445395|110|
122853201|40BA|8481480|50|
122073427|40BA|8475553|100|
120327212|40BA|8444975|20|
120334520|40BA|8445599|20|
122073409|40BA|8475553|40|
122073415|40BA|8475553|60|
122172099|40BA|8477215|50|
124252881|40BA|8504091|20|
121143570|40BA|8458134|20|
124255825|40BA|8504091|40|
123796219|40BA|8495240|20|
122172103|40BA|8477215|80|
120786979|40BA|8451513|50|
119319237|40BA|8431784|60|
120786976|40BA|8451513|20|
124354518|40BA|8506072|20|
121010356|40BA|8456111|20|
121820363|40BA|8470301|20|
122172119|40BA|8477215|200|
121820366|40BA|8470301|50|
124354918|40BA|8506111|20|RTA TRISKETT CNG GARAGE
124354947|40BA|8506111|80|RTA TRISKETT CNG GARAGE
123716638|40BA|8450712|20|
123716641|40BA|8450712|40|
123716804|40BA|8450712|60|
123716807|40BA|8450712|80|
124354944|40BA|8506111|60|RTA TRISKETT CNG GARAGE
122327974|40BA|8474503|20|
121913084|40BA|8470318|20|
124035047|40BA|8500083|20|
124287165|40BA|8500155|20|
124354950|40BA|8506111|100|RTA TRISKETT CNG GARAGE
124354953|40BA|8506111|120|RTA TRISKETT CNG GARAGE
124354956|40BA|8506111|140|RTA TRISKETT CNG GARAGE
124354959|40BA|8506111|160|RTA TRISKETT CNG GARAGE
124354962|40BA|8506111|180|RTA TRISKETT CNG GARAGE
124354965|40BA|8506111|200|RTA TRISKETT CNG GARAGE
124354968|40BA|8506111|220|RTA TRISKETT CNG GARAGE
124354971|40BA|8506111|240|RTA TRISKETT CNG GARAGE
124354977|40BA|8506111|340|RTA TRISKETT CNG GARAGE
124354983|40BA|8506111|380|RTA TRISKETT CNG GARAGE
124035051|40BA|8500120|20|
118948093|40BA|8424888|20|
124354980|40BA|8506111|360|RTA TRISKETT CNG GARAGE
120334308|40BA|8445494|90|
120334278|40BA|8445494|20|
120334305|40BA|8445494|60|
125163120|40BA|8517838|20|
120787395|40BA|8451739|20|
120787398|40BA|8451739|40|
124255833|40BA|8504119|20|
123730540|40BA|8492347|20|
124255838|40BA|8504119|40|
123833379|40BA|8496382|70|
123833375|40BA|8496382|20|
123730763|40BA|8492347|50|
124256863|40BA|8504119|60|
124256873|40BA|8504139|40|
125473606|40BA|8522864|20|
124171370|40BA|8502212|20|
120786763|40BA|8451400|20|
124256878|40BA|8504139|60|
119586843|40BA|8435252|20|
124196732|40BA|8502683|20|
124354974|40BA|8506111|300|RTA TRISKETT CNG GARAGE
124354986|40BA|8506111|400|RTA TRISKETT CNG GARAGE
124354989|40BA|8506111|440|RTA TRISKETT CNG GARAGE
124354992|40BA|8506111|260|RTA TRISKETT CNG GARAGE
119586846|40BA|8435252|50|
120786373|40BA|8451378|60|
120786377|40BA|8451378|40|
120785486|40BA|8451363|20|
120785489|40BA|8451363|50|
123368576|40BA|8485578|20|
122013522|40BA|8457904|20|
122013525|40BA|8457904|70|
119586849|40BA|8435252|80|
123735815|40BA|8491883|20|
121880621|40BA|8471330|20|
121880644|40BA|8471330|50|
124290090|40BA|8504773|20|
124304131|40BA|8504417|20|
124290097|40BA|8504773|40|
120325190|40BA|8444679|20|
120325195|40BA|8444679|40|
121027915|40BA|8456595|40|
121027911|40BA|8456595|20|
121027918|40BA|8456595|70|
122617975|40BA|8481190|20|
120325200|40BA|8444679|60|
124256868|40BA|8504139|20|
122853460|40BD|8482460|20|LPS NORTHWEST HIGH SCHOOL
119586852|40BA|8435252|110|
121545831|40BA|8465954|20|
122853768|40BA|8481787|20|
127633385|40BB|8554946|20|INSPIRE - CANNABAY
127633389|40BB|8554946|40|INSPIRE - CANNABAY
121490789|40BA|8462621|20|
124196725|40BA|8500492|20|
124998387|40BA|8515776|20|
123670070|40BA|8492723|20|
123670074|40BA|8492723|50|
124205594|40BA|8503308|20|
124035054|40BA|8500120|60|
122853771|40BA|8481787|50|
124354921|40BA|8506111|40|RTA TRISKETT CNG GARAGE
123588997|40BA|8492496|40|
120786369|40BA|8451378|20|
127290499|40BA|8550364|20|
125049859|40BA|8515862|20|
123588993|40BA|8492496|20|
127408158|40BA|8552830|20|
121882152|40BA|8471337|20|
121882156|40BA|8471337|40|
125050417|40BA|8515862|170|
125050407|40BA|8515862|70|
123902355|40BA|8497687|20|
127365459|40BA|8552254|20|
127592309|40BA|8549140|20|
127592312|40BA|8549140|50|
127592315|40BA|8549140|80|
126769309|40BA|8541383|20|
128060782|40BA|8563971|20|
128060785|40BA|8563971|60|
126579400|40BA|8539009|20|
128060788|40BA|8563971|100|
125046232|40BA|8515853|20|
125843359|40BA|8527487|20|
127633408|40BA|8556944|20|
125046235|40BA|8515853|40|
128215050|40BA|8566158|20|
128162043|40BA|8565479|20|
126408540|40BA|8536293|20|
124587528|40BA|8509953|20|
122853592|40BD|8482460|140|LPS NORTHWEST HIGH SCHOOL
126643242|40BA|8539745|20|
124521790|40BA|8508916|20|
127026636|40BA|8542029|20|
125164617|40BA|8518192|20|
124521793|40BA|8508916|80|
127129724|40BA|8545710|20|
127129728|40BA|8545710|40|
127129732|40BA|8545710|60|
127129736|40BA|8545710|80|
127129740|40BA|8545710|100|
127129744|40BA|8545710|120|
124277938|40BA|8504159|20|
125050410|40BA|8515862|120|
125123845|40BA|8516056|20|
122853595|40BD|8482460|170|LPS NORTHWEST HIGH SCHOOL
127633393|40BB|8554946|60|INSPIRE - CANNABAY
122853589|40BD|8482460|110|LPS NORTHWEST HIGH SCHOOL
128911918|40BA|8576670|20|
128911942|40BA|8576670|60|
124552746|40BA|8508919|20|
127633399|40BB|8554946|100|INSPIRE - CANNABAY
127633402|40BB|8554946|120|INSPIRE - CANNABAY
127129995|40BD|8547258|20|LPS SOUTHEAST HIGH SCHOOL
127460232|40BA|8553634|20|
128152940|40BA|8564021|20|
127460235|40BA|8553634|60|
127633396|40BB|8554946|80|INSPIRE - CANNABAY
127633405|40BB|8554946|140|INSPIRE - CANNABAY
119320098|40BA|8431863|80|
127129998|40BD|8547258|50|LPS SOUTHEAST HIGH SCHOOL
127130001|40BD|8547258|80|LPS SOUTHEAST HIGH SCHOOL
127735060|40BA|8559265|20|
127738004|40BA|8559265|40|
125106649|40BA|8516070|80|
125106639|40BA|8516070|20|
125106644|40BA|8516070|50|
124505918|40BA|8507420|50|
124505923|40BA|8507420|80|
124505913|40BA|8507420|20|
122853583|40BD|8482460|50|LPS NORTHWEST HIGH SCHOOL
130809895|40BA|8602675|20|
122853586|40BD|8482460|80|LPS NORTHWEST HIGH SCHOOL
127131010|40BD|8547258|170|LPS SOUTHEAST HIGH SCHOOL
130809901|40BA|8602675|50|
128273273|40BB|8567100|20|SANGER EDUCATIONAL COMPLEX
128273276|40BB|8567100|50|SANGER EDUCATIONAL COMPLEX
127925055|40BA|8558809|20|
130535522|40BA|8600491|20|
127503660|40BB|8554265|20|HAMPTON AQUATIC
128081312|40BA|8563699|20|
128081315|40BA|8563699|40|
128160177|40BA|8565147|20|
129129580|40BA|8580269|20|
130809927|40BA|8602675|80|
126835029|40BA|8542196|20|
126835035|40BA|8542196|140|
126835032|40BA|8542196|90|
128060745|40BA|8560860|20|
126835038|40BA|8542196|210|
128060752|40BA|8560860|60|
130809933|40BA|8602675|110|
129795636|40BA|8590518|20|
124574642|40BA|8508836|20|
128060758|40BA|8560860|100|
125108871|40BA|8495235|20|
125108874|40BA|8495235|40|
125108905|40BA|8495235|100|
127504624|40BB|8554265|70|HAMPTON AQUATIC
129124835|40BA|8575061|20|
128060765|40BA|8560860|140|
129124841|40BA|8575061|40|
129124847|40BA|8575061|60|
130081297|40BA|8594615|20|FTW-410 WCC
130081300|40BA|8594615|40|FTW-410 WCC
130809939|40BA|8602675|140|
129682370|40BA|8588049|20|
130081303|40BA|8594615|60|FTW-410 WCC
125108878|40BA|8495235|60|
125108902|40BA|8495235|80|
128263428|40BA|8548755|20|
128263432|40BA|8548755|40|
128263436|40BA|8548755|60|
128263440|40BA|8548755|80|
129864779|40BA|8590524|20|
129723494|40BA|8588550|20|
129723498|40BA|8588550|50|
128566902|40BB|8571708|20|CAYENNE
130031492|40BA|8592740|20|
129125947|40BA|8579827|20|
129936194|40BA|8592760|20|MARK TWAIN ES PH 2
129936197|40BA|8592760|40|MARK TWAIN ES PH 2
124574646|40BA|8508836|60|
129995397|40BA|8592119|60|
128661168|40BA|8573324|20|BEN FRANKLIN ES PH2
128661171|40BA|8573324|40|BEN FRANKLIN ES PH2
128277815|40BA|8567427|20|
128277819|40BA|8567427|50|
128278322|40BA|8567427|80|
129723502|40BA|8588570|20|
129723506|40BA|8588570|50|
130283043|40BA|8597785|20|
129875949|40BA|8591833|20|
129995392|40BA|8592119|20|
130183315|40BB|8595855|20|GWL - PERRYVILLE
130175215|40BA|8595678|20|
130183321|40BB|8595855|60|GWL - PERRYVILLE
129995404|40BA|8592119|100|
130183330|40BB|8595855|140|GWL - PERRYVILLE
130183333|40BB|8595855|180|GWL - PERRYVILLE
128083008|40BA|8564210|20|CITY OF LARAMIE REC CENTER
131925015|40BA|8622409|20|
131928081|40BD|8623310|20|CHI ST. JOSEPH COLLEGE STATION MED CTR PHARMACY
130183336|40BB|8595855|220|GWL - PERRYVILLE
129807010|40BA|8590691|20|
130629303|40BA|8597031|50|
130629299|40BA|8597031|20|
130764594|40BA|8604682|20|
131516726|40BA|8617056|20|
131516730|40BA|8617056|60|
127504628|40BB|8554265|120|HAMPTON AQUATIC
130181543|40BA|8595831|20|
130181548|40BA|8595831|60|
128263476|40BA|8548850|20|
128263480|40BA|8548850|40|
128263484|40BA|8548850|60|
128263488|40BA|8548850|80|
129758538|40BA|8589940|20|
128275076|40BA|8567312|20|
130183327|40BB|8595855|100|GWL - PERRYVILLE
130295029|40BA|8598000|20|
130295032|40BA|8598000|40|
128263497|40BA|8548866|20|
128263501|40BA|8548866|40|
128263505|40BA|8548866|60|
128263509|40BA|8548866|80|
130316624|40BA|8598434|20|
131040696|40BA|8610908|20|
131040699|40BA|8610908|40|
128660592|40BA|8573105|20|
130589507|40BB|8601277|60|AACPS RIPPLING WOODS ES
130628889|40BB|8593450|20|T MARZETTI
130589511|40BB|8601277|100|AACPS RIPPLING WOODS ES
128263460|40BA|8548840|20|
128263464|40BA|8548840|40|
128263468|40BA|8548840|60|
128263472|40BA|8548840|80|
130628893|40BB|8593450|40|T MARZETTI
125051221|40BA|8515865|60|
128760692|40BA|8568439|20|
131736923|40BA|8621083|20|
125051217|40BA|8515865|20|
131397849|40BA|8614458|40|19TH AND CHESTNUT
131397845|40BA|8614458|20|19TH AND CHESTNUT
130628897|40BB|8593450|60|T MARZETTI
131736926|40BA|8621083|40|
130380770|40BA|8595888|20|
130589515|40BB|8601277|140|AACPS RIPPLING WOODS ES
130380774|40BA|8595888|80|
133430908|40BA|8644876|20|
130380778|40BA|8595888|140|
130628927|40BB|8593450|120|T MARZETTI
132192754|40BA|8626945|20|
132192757|40BA|8626945|40|
130589503|40BB|8601277|20|AACPS RIPPLING WOODS ES
133323190|40BA|8644013|20|
132959777|40BA|8639662|20|
129362272|40BA|8579961|20|
133432137|40BD|8645066|20|CARL LITTLEJOHN SCHOOL - DEKALB SD428
132771850|40BA|8634964|20|
127131004|40BD|8547258|110|LPS SOUTHEAST HIGH SCHOOL
134094852|40BA|8654975|20|
129687781|40BA|8588897|20|
130628931|40BB|8593450|140|T MARZETTI
132225904|40BA|8628006|50|
127131007|40BD|8547258|140|LPS SOUTHEAST HIGH SCHOOL
131862865|40BA|8622298|20|
130295026|40BD|8594389|20|ST VINCENT FISHERS
133488147|40BB|8643427|20|SE CR PROJECT X
133323198|40BB|8644132|20|PEA NEW STUDENT DORM
133877444|40BA|8650826|20|
131232612|40BA|8613074|20|
131232615|40BA|8613074|50|
132959214|40BA|8639162|50|MONTEBELLO ES/MS
132959305|40BA|8639162|440|MONTEBELLO ES/MS
132225821|40BA|8628006|20|
132959316|40BA|8639162|500|MONTEBELLO ES/MS
132959217|40BA|8639162|110|MONTEBELLO ES/MS
132959283|40BA|8639162|170|MONTEBELLO ES/MS
132959298|40BA|8639162|320|MONTEBELLO ES/MS
132706387|40BD|8634717|20|UH WOLSTEIN 6TH FLOOR
130628939|40BB|8593450|180|T MARZETTI
130628943|40BB|8593450|200|T MARZETTI
128819947|40BA|8575387|20|
131226990|40BA|8613176|20|
133940877|40BA|8652568|20|
133940880|40BA|8652568|40|
134945079|40BA|8666187|20|
133795089|40BA|8650467|20|
132959209|40BA|8639162|20|MONTEBELLO ES/MS
132959288|40BA|8639162|200|MONTEBELLO ES/MS
128760696|40BA|8568439|50|
128760700|40BA|8568439|80|
130382250|40BA|8598603|20|
132683245|40BA|8633455|20|
135324348|40BA|8671129|20|
132959220|40BA|8639162|140|MONTEBELLO ES/MS
133932554|40BA|8651928|20|
132959302|40BA|8639162|380|MONTEBELLO ES/MS
133488150|40BB|8643427|40|SE CR PROJECT X
133595305|40BD|8646553|20|OLYMPUS SAN JOSE RENOVATION
132683249|40BA|8633455|50|
136118866|40BA|8666827|20|WALKER UPPER ELEMENTARY SCHOOL
136118870|40BA|8666827|50|WALKER UPPER ELEMENTARY SCHOOL
136118874|40BA|8666827|80|WALKER UPPER ELEMENTARY SCHOOL
132959308|40BA|8639162|470|MONTEBELLO ES/MS
133521696|40BA|8646148|20|
132959293|40BA|8639162|260|MONTEBELLO ES/MS
135563030|40BA|8671048|20|
134328588|40BA|8658192|20|
130628900|40BB|8593450|80|T MARZETTI
134328592|40BA|8658192|60|
134328596|40BA|8658192|100|
128083291|40BA|8564462|20|
134719201|40BA|8663108|20|VT PAYNE HALL
134719205|40BA|8663108|40|VT PAYNE HALL
133625720|40BB|8601668|50|MARC RIVERSIDE HEAVY MAINTENANCE FACILITY
133626925|40BB|8601668|80|MARC RIVERSIDE HEAVY MAINTENANCE FACILITY
133626928|40BB|8601668|120|MARC RIVERSIDE HEAVY MAINTENANCE FACILITY
133701411|40BA|8648722|20|LTF - BEAVERTON, OR
134719209|40BA|8663108|60|VT PAYNE HALL
134719213|40BA|8663108|80|VT PAYNE HALL
135195534|40BA|8668427|20|
133625717|40BB|8601668|20|MARC RIVERSIDE HEAVY MAINTENANCE FACILITY
136118902|40BA|8666827|140|WALKER UPPER ELEMENTARY SCHOOL
128263444|40BA|8548811|20|
128263448|40BA|8548811|40|
128263452|40BA|8548811|60|
128263456|40BA|8548811|80|
134243038|40BA|8655910|180|
132336291|40BA|8629110|20|
132336295|40BA|8629110|60|
136118878|40BA|8666827|110|WALKER UPPER ELEMENTARY SCHOOL
135563039|40BA|8673956|20|
134245430|40BA|8656041|140|
130628923|40BB|8593450|100|T MARZETTI
136118910|40BA|8666827|200|WALKER UPPER ELEMENTARY SCHOOL
135563065|40BA|8674167|20|
135563043|40BA|8673956|40|
135760541|40BA|8677156|20|
135563049|40BA|8673956|80|
132076977|40BB|8624731|20|STILLWATER MEDICAL RTU-2
136118906|40BA|8666827|170|WALKER UPPER ELEMENTARY SCHOOL
130628935|40BB|8593450|160|T MARZETTI
136459603|40BA|8684662|20|
135019477|40BA|8665052|20|
134243035|40BA|8655910|140|
134243032|40BA|8655910|100|
134243029|40BA|8655910|20|
134245436|40BA|8656041|60|
133876275|40BB|8650724|20|DAM NECK BLDG 102
134785190|40BA|8663040|20|
135571757|40BA|8674798|20|
136123236|40BA|8681379|20|
134245427|40BA|8656041|100|
134245424|40BA|8656041|20|
135381912|40BB|8671478|20|COMMON LINCOLN PARK
133501968|40BA|8645289|20|
134619589|40BA|8662259|40|THE RIDGE AT WEST MEADOWS
134619585|40BA|8662259|20|THE RIDGE AT WEST MEADOWS
134619599|40BA|8662259|80|THE RIDGE AT WEST MEADOWS
134425982|40BA|8659663|20|
134243041|40BA|8655910|60|
134619596|40BA|8662259|60|THE RIDGE AT WEST MEADOWS
128976153|40BA|8578560|20|
128976157|40BA|8578560|50|
137097061|40BA|8696061|20|
135195537|40BB|8668823|20|GWL - POCONOS
135195540|40BB|8668823|60|GWL - POCONOS
134245433|40BA|8656041|180|
131005887|40BA|8605657|20|
137671810|40BB|8701495|20|CRL CRADL PH2
131166074|40BA|8611913|80|KOMACHIN MS
131166093|40BA|8611913|140|KOMACHIN MS
135563046|40BA|8673956|60|
136191766|40BA|8679916|20|
131166062|40BA|8611913|40|KOMACHIN MS
131166068|40BA|8611913|60|KOMACHIN MS
131166081|40BA|8611913|100|KOMACHIN MS
135129245|40BA|8667885|20|
135129248|40BA|8667885|50|
134785195|40BA|8663040|60|
130181553|40BA|8595831|100|
130181558|40BA|8595831|140|
133933312|40BD|8651792|20|YOUNGSTOWN CHOFFIN VOCATIONAL SCHOOL
136627318|40BA|8687247|20|
134785199|40BA|8663040|100|
136191772|40BA|8679916|60|
133933318|40BD|8651792|70|YOUNGSTOWN CHOFFIN VOCATIONAL SCHOOL
136191700|40BA|8679879|20|
133933315|40BD|8651792|50|YOUNGSTOWN CHOFFIN VOCATIONAL SCHOOL
136191793|40BA|8679956|60|
125462768|40BA|8522704|20|
125462772|40BA|8522704|40|
125462776|40BA|8522704|60|
125462780|40BA|8522704|80|
125462784|40BA|8522704|100|
133933325|40BD|8651792|130|YOUNGSTOWN CHOFFIN VOCATIONAL SCHOOL
135057388|40BA|8667587|20|
135876026|40BA|8677598|20|
136191787|40BA|8679956|20|
138508071|40BA|8703455|20|
138508077|40BA|8703455|40|
138508532|40BA|8706909|20|
138508535|40BA|8706909|40|
133933322|40BD|8651792|100|YOUNGSTOWN CHOFFIN VOCATIONAL SCHOOL
138508523|40BA|8703455|60|
138508529|40BA|8703455|80|
133939709|40BD|8652242|20|MEDTRONIC
136663652|40BA|8688100|20|
136432711|40BA|8685180|20|
134795295|40BA|8663879|20|
136432714|40BA|8685180|40|
129362279|40BA|8581096|60|
132210797|40BA|8627572|20|
135750806|40BA|8676690|20|LITCHFIELD MIDDLE AND HIGH SCHOOL
129362275|40BA|8581096|20|
136432717|40BA|8685180|60|
133939714|40BD|8652242|50|MEDTRONIC
135514098|40BA|8673494|20|
135750809|40BA|8676690|50|LITCHFIELD MIDDLE AND HIGH SCHOOL
134943757|40BA|8665908|20|
136645495|40BA|8687522|20|
138259613|40BB|8707134|20|NORDAM BOND ROOM
134922427|40BA|8665345|20|FT LUPTON REC
135750812|40BA|8676690|80|LITCHFIELD MIDDLE AND HIGH SCHOOL
135876700|40BA|8678083|20|
134795299|40BA|8663879|60|
136651044|40BA|8684359|20|
136651048|40BA|8684359|50|
134823291|40BA|8664373|60|
134823288|40BA|8664373|20|
134805682|40BB|8664451|20|BATAVIA LOCAL SCHOOL DISTRICT HS
134805686|40BB|8664451|40|BATAVIA LOCAL SCHOOL DISTRICT HS
137716475|40BA|8702637|20|
135563058|40BA|8674082|20|
136120594|40BD|8680665|20|DUPAGE CORRECTIONAL FACILITY
136784273|40BA|8691028|20|
136787287|40BA|8691277|20|
136120587|40BD|8680665|40|DUPAGE CORRECTIONAL FACILITY
138351296|40BA|8707704|20|
138351302|40BA|8707704|80|
136645499|40BA|8687522|60|
138351299|40BA|8707704|50|
138351305|40BA|8707704|110|
137716479|40BA|8702637|60|
140749566|40BA|8740948|20|
135922071|40BA|8678933|20|
136707886|40BA|8688549|20|
139042948|40BA|8717106|60|
139042942|40BA|8717106|20|
136945019|40BA|8692092|50|
139042951|40BA|8717106|80|
139042945|40BA|8717106|40|
136707890|40BA|8688549|40|
138840611|40BB|8713799|20|SANFORD WELLNESS CENTER
136123620|40BA|8681409|20|
135719416|40BB|8676245|20|MOBU-UTA
137716503|40BA|8702637|100|
137720060|40BA|8702719|20|
135922066|40BB|8678873|20|648 BEACON
136945016|40BA|8692092|20|
136785520|40BA|8691268|20|ERS - 600 FEDERAL STREET
137632563|40BA|8701064|20|
136787283|40BA|8691268|40|ERS - 600 FEDERAL STREET
137133859|40BA|8695718|20|
139698579|40BD|8725962|20|ALK HDM
137671924|40BB|8696540|20|LTF - MIAMI DADE
137671931|40BB|8696540|120|LTF - MIAMI DADE
137671928|40BB|8696540|70|LTF - MIAMI DADE
139715961|40BA|8724386|20|
138100528|40BA|8704287|20|LA JUNTA JR-SR HIGH SCHOOL
138100532|40BA|8704287|40|LA JUNTA JR-SR HIGH SCHOOL
137670810|40BA|8701388|20|LIFETIME- 70 STATION LANDING
125462097|40BA|8522696|20|BMIL - PO0101038
125462101|40BA|8522696|40|BMIL - PO0101038
125462105|40BA|8522696|60|BMIL - PO0101038
125462109|40BA|8522696|80|BMIL - PO0101038
125462113|40BA|8522696|100|BMIL - PO0101038
140568258|40BA|8737876|20|
138063804|40BA|8704011|20|ERS - MSJC STEM BUILDING
138807087|40BA|8712409|20|
140471696|40BD|8736968|20|ALK AHU24
139012716|40BA|8708471|20|
137702142|40BD|8702583|20|BIOLOGICS MODULAR ASHLAND CLEAN ROOM
140011764|40BD|8728756|20|DFJ TOP AND PROTECTIVE COATINGS
140011767|40BB|8728756|60|DFJ TOP AND PROTECTIVE COATINGS
141896669|40BB|8755897|20|HOTCHKISS SCHOOL MEMORIAL HALL
138180652|40BD|8705991|20|SKADIUM
140699014|40BA|8739686|20|BURLINGTON HS POOL
141217109|40BB|8746507|20|GRAND HINCKLEY INN
138180656|40BD|8705991|50|SKADIUM
136126085|40BA|8681808|20|SPAULDING STONE
140011770|40BB|8728756|100|DFJ TOP AND PROTECTIVE COATINGS
140011773|40BD|8728756|140|DFJ TOP AND PROTECTIVE COATINGS
138937834|40BB|8713953|20|GILLETTE WWTP
138767361|40BB|8712120|20|CONNOR SCHOOL - DAYTON
139930169|40BD|8728899|20|MOBRIDGE WWTP
141577913|40BB|8751235|20|ORNA THERAPEUTICS
138647122|40BD|8711081|20|WATERFORD KETTERING POOL
142105213|40BA|8757755|20|AWTY INTERNATIONAL SCHOOL PHASE 2
140054880|40BB|8730189|20|CSU LORY STUDENT CENTER
140054883|40BB|8730189|40|CSU LORY STUDENT CENTER
139202719|40BB|8719968|20|AUBURN YMCA REPLACEMENT
144254215|40BB|8785601|20|GWL - NAPLES
139013347|40BB|8716310|20|LCASD ADDITION
144254222|40BB|8785601|50|GWL - NAPLES
144254229|40BB|8785601|80|GWL - NAPLES
141585189|40BA|8751376|20|YMCA BEDFORD
142090873|40BA|8757243|20|MIAMI COUNTY YMCA
140245227|40BB|8732880|20|BOULDER OFFICE
140245230|40BB|8732880|60|BOULDER OFFICE
139012712|40BB|8693115|20|ALDER REC CENTER
139350183|40BA|8721705|20|ERS - NOVARTIS EMCOR PF
139350186|40BA|8721705|40|ERS - NOVARTIS EMCOR PF
139429145|40BD|8712350|20|NORTH LOOP GREEN TOWERS
142270076|40BB|8759013|50|WAVERLY HOTEL
140241241|40BB|8732814|20|KSHP POOL REPLACEMENT
139715954|40BA|8722198|20|CALEDON EAST CC
139715958|40BA|8722198|60|CALEDON EAST CC
140241244|40BB|8732814|50|KSHP POOL REPLACEMENT
141592763|40BA|8751559|20|LTF - IRVING, TX - LAS COLINAS
141592769|40BA|8751559|70|LTF - IRVING, TX - LAS COLINAS
142213199|40BD|8758665|20|HARVARD YAO
143805650|40BA|8781087|20|VERIZON AHU-08
139022621|40BA|8704029|20|CHUZE FITNESS CITRUS HEIGHTS
144472791|40BB|8789555|20|VALPO YMCA
142213191|40BD|8758665|40|HARVARD YAO
142262022|40BD|8751114|20|700 MAIN STREET LAB CENTRAL RTU-1
139429149|40BD|8712350|50|NORTH LOOP GREEN TOWERS
142270071|40BB|8759013|20|WAVERLY HOTEL
142270081|40BB|8759013|80|WAVERLY HOTEL
139429162|40BD|8712350|130|NORTH LOOP GREEN TOWERS
142052804|40BA|8756847|20|KALAMAZOO SURGERY CENTER
139429154|40BD|8712350|80|NORTH LOOP GREEN TOWERS
140689982|40BA|8740425|20|VANDALIA REC CENTER
141282990|40BA|8747976|20|DPS MANUAL HS
142631864|40BB|8764508|20|MERCK B3 RM107
140923620|40BB|8743297|20|BELIMO EQUIPMENT
142830248|40BA|8767572|20|CHUZE FITNESS BAKERSFIELD
139429167|40BD|8712350|160|NORTH LOOP GREEN TOWERS
139930177|40BB|8729191|20|FORAN HS POOL
134719115|40BB|8663139|20|Q4 DRY COMFORT PO - INN-618
134719119|40BB|8663139|40|Q4 DRY COMFORT PO - INN-618
134719123|40BB|8663139|60|Q4 DRY COMFORT PO - INN-618
134719127|40BB|8663139|80|Q4 DRY COMFORT PO - INN-618
144472802|40BB|8789555|40|VALPO YMCA
142208231|40BA|8758631|20|MINISINK WTP
143866158|40BB|8782063|20|LAPORTE HIGH SCHOOL NATATORIUM
142245591|40BA|8759018|20|ERS - SUNY BINGHAMTON RD PHARMACY
139429158|40BD|8712350|100|NORTH LOOP GREEN TOWERS
141041099|40BD|8743811|20|UNIVERSITY OF HOUSTON SERC BLDG 545
143046840|40BB|8769490|20|LTF - MISSOURI CITY, TX
146724606|40BA|8816784|20|ANNE CARLSEN CENTER 2022
141267837|40BA|8747685|20|MMSD WEST HS POOL
144254974|40BB|8787432|20|RAMKOTA POOL
141041104|40BD|8743811|60|UNIVERSITY OF HOUSTON SERC BLDG 545
143604412|40BA|8778437|20|AVON REPLACEMENT
144254236|40BB|8785601|120|GWL - NAPLES
142636957|40BA|8765058|20|HARTFORD CORRECTIONAL REPLACEMENT
143866215|40BB|8782693|20|THE BALDWIN LONDONDERRY
143614953|40BA|8778533|20|LANSING NATATORIUM SPECTATOR
144254473|40BB|8786031|20|BYK MAU
137983957|40BA|8703885|20|BMIL - PO0101443
137983961|40BA|8703885|40|BMIL - PO0101443
143153300|40BA|8772524|20|ERS - CDBG-CV HC HEALTH FACILITY IMPROVEMENTS
142097896|40BA|8756829|20|TIPTON AQUATIC CENTER
146547052|40BB|8811060|20|OAK PARK DRIVE
143497481|40BD|8775918|20|BARNSTABLE HS PHASE 2
143497485|40BD|8775918|50|BARNSTABLE HS PHASE 2
142823536|40BA|8767464|20|ERS - UNLV ENGINEERING II
144251550|40BB|8783313|20|YOUNG FAMILY MULTISPORT
144226541|40BA|8785007|20|ERS - 23 ELM ST
144251556|40BA|8783313|60|YOUNG FAMILY MULTISPORT
143155274|40BB|8772565|20|BOISE OUTDOOR FIELDHOUSE
146547064|40BB|8811060|50|OAK PARK DRIVE
143611106|40BB|8778498|20|NEUHOFF BLOCK 3.4
145165586|40BB|8799266|20|WDM CSD VALLEY HIGH SCHOOL POOL RTU REPLACEMENT
146547076|40BB|8811060|80|OAK PARK DRIVE
146547088|40BB|8811060|110|OAK PARK DRIVE
141263918|40BC|8747172|20|TWO TWELVE MEDICAL CENTER
146547100|40BB|8811060|140|OAK PARK DRIVE
146547112|40BB|8811060|170|OAK PARK DRIVE
146547124|40BB|8811060|200|OAK PARK DRIVE
143805639|40BD|8780591|20|CRMC PH2
145418276|40BD|8792712|20|NCC PSB 911
143805646|40BB|8780591|50|CRMC PH2
143611113|40BB|8778498|50|NEUHOFF BLOCK 3.4
146547136|40BB|8811060|230|OAK PARK DRIVE
145513683|40BB|8801831|100|GWL WEBSTER TX
143778497|40BA|8773746|140|WAUKEE CSD AQUATIC CENTER
143778459|40BB|8773746|20|WAUKEE CSD AQUATIC CENTER
145513669|40BB|8801831|20|GWL WEBSTER TX
145165689|40BA|8799184|20|UD SCIENCE CENTER
143868845|40BC|8782721|20|BOISE COMPETITIVE AQUATICS
145513676|40BB|8801831|60|GWL WEBSTER TX
143778485|40BB|8773746|60|WAUKEE CSD AQUATIC CENTER
145418292|40BD|8792712|50|NCC PSB 911
143778491|40BB|8773746|100|WAUKEE CSD AQUATIC CENTER
143778503|40BB|8773746|180|WAUKEE CSD AQUATIC CENTER
142796392|40BB|8767258|20|LAWRENCE CENTRAL HS
142796398|40BB|8767258|70|LAWRENCE CENTRAL HS
143786188|40BB|8780976|20|LINCOLN AIRPARK REC CENTER
134719132|40BB|8663140|20|Q4 DRY COMFORT PO - INN-619
134719136|40BB|8663140|40|Q4 DRY COMFORT PO - INN-619
134719140|40BB|8663140|60|Q4 DRY COMFORT PO - INN-619
134719144|40BB|8663140|80|Q4 DRY COMFORT PO - INN-619
142796404|40BB|8767258|100|LAWRENCE CENTRAL HS
142796410|40BB|8767258|130|LAWRENCE CENTRAL HS
145513690|40BB|8801831|140|GWL WEBSTER TX
147851221|40BA|8824668|20|KEYPORT BLDG 820
152203814|40BA|8883516|20|
144299068|40BB|8787894|20|WALLED LAKE WESTERN HS
134719148|40BA|8663141|20|Q4 DRY COMFORT PO - INN-620
134719152|40BA|8663141|40|Q4 DRY COMFORT PO - INN-620
134719156|40BA|8663141|60|Q4 DRY COMFORT PO - INN-620
134719160|40BA|8663141|80|Q4 DRY COMFORT PO - INN-620
144299080|40BB|8787894|40|WALLED LAKE WESTERN HS
143868851|40BC|8782721|60|BOISE COMPETITIVE AQUATICS
146083671|40BB|8807362|20|MONA
145513697|40BB|8801831|180|GWL WEBSTER TX
148172877|40BD|8831524|20|NCH - IMRIS
134719165|40BA|8663142|20|Q4 DRY COMFORT PO - INN-621
134719169|40BA|8663142|40|Q4 DRY COMFORT PO - INN-621
134719173|40BA|8663142|60|Q4 DRY COMFORT PO - INN-621
144682016|40BB|8792193|20|MAQUOKETA YMCA
146647153|40BB|8815955|20|TIMKEN
134719177|40BB|8663142|80|Q4 DRY COMFORT PO - INN-621
147273925|40BB|8823545|20|POULSBO MS REPLACEMENT
147273636|40BA|8823545|40|POULSBO MS REPLACEMENT
142207721|40BB|8758161|20|SHEDD OFFSITE
134719181|40BA|8663143|20|Q4 DRY COMFORT PO - INN-622
134719185|40BA|8663143|40|Q4 DRY COMFORT PO - INN-622
134719189|40BA|8663143|60|Q4 DRY COMFORT PO - INN-622
134719193|40BA|8663143|80|Q4 DRY COMFORT PO - INN-622
144734864|40BA|8793713|20|WOODBRIDGE
142207765|40BB|8758161|50|SHEDD OFFSITE
147270978|40BD|8823500|20|DUBLIN WATER ASSURANCE
144734873|40BA|8793713|40|WOODBRIDGE
145955232|40BB|8808011|20|LTF - WESTLAKE, TX
144737310|40BA|8794113|20|WESTMORELAND BUS GARAGE
137976236|40BA|8703887|20|BMIL - PO0101444
137976240|40BA|8703887|40|BMIL - PO0101444
137976264|40BA|8703887|60|BMIL - PO0101444
145955244|40BB|8808011|70|LTF - WESTLAKE, TX
146073054|40BA|8809434|20|ERS - 150 BEAR HILL ROAD VIZGEN
149570914|40BB|8841843|20|ANN ARBOR CLAGUE MS
144737317|40BA|8794113|40|WESTMORELAND BUS GARAGE
151981896|40BA|8879649|20|Z - UL 60335
144773542|40BA|8794595|20|ERS - 3 VAN DE GRAAF REPOSITIONING
148513770|40BB|8835808|20|MARTIN MILLENNIUM ACADEMY
144773546|40BA|8794595|40|ERS - 3 VAN DE GRAAF REPOSITIONING
148513780|40BB|8835808|50|MARTIN MILLENNIUM ACADEMY
149571012|40BB|8841843|80|ANN ARBOR CLAGUE MS
144773550|40BA|8794595|60|ERS - 3 VAN DE GRAAF REPOSITIONING
145417815|40BA|8792419|20|DOW RTU REPLACEMENT
148429145|40BB|8834702|20|OAKLAND UNIVERSITY SOUTH FOUNDATION HALL
147980172|40BA|8829157|20|ALMIRA K-8 SCHOOL
145640751|40BB|8804732|20|DICERNA
139617034|40BB|8724945|20|HUNTSVILLE CITY HALL
145640761|40BB|8804732|50|DICERNA
149570921|40BB|8841843|50|ANN ARBOR CLAGUE MS
135316126|40BB|8670326|20|PWD-PCP HVAC UPGRADES
148429155|40BB|8834702|50|OAKLAND UNIVERSITY SOUTH FOUNDATION HALL
135316135|40BA|8670326|90|PWD-PCP HVAC UPGRADES
141237074|40BD|8747043|20|RAYTHEON ANDOVER
145645180|40BB|8804797|20|HERMISTON HS
135316132|40BB|8670326|50|PWD-PCP HVAC UPGRADES
149571023|40BB|8841843|110|ANN ARBOR CLAGUE MS
149265952|40BB|8836327|20|NAMCHACK SIP BUILDING
149571035|40BB|8841843|140|ANN ARBOR CLAGUE MS
149518447|40BA|8847693|90|BELLEVUE 600 - TOWER 1
149518397|40BB|8847693|20|BELLEVUE 600 - TOWER 1
146019621|40BA|8808795|20|COLORECTAL SURGICAL ASSOCIATES
149518590|40BB|8847693|1490|BELLEVUE 600 - TOWER 1
149518599|40BB|8847693|1560|BELLEVUE 600 - TOWER 1
145804158|40BB|8807240|20|LORD ADHESIVE SPRAY ROOM
146083504|40BA|8634635|20|HAZELTON BUS STORAGE/MAINTENANCE FACILITY
148865948|40BD|8840268|20|KNOX COUNTY JUSTICE CAMPUS
146083510|40BA|8634635|100|HAZELTON BUS STORAGE/MAINTENANCE FACILITY
149415660|40BA|8846741|20|GOOD SAMARITAN HOSPITAL - INPATIENT SURGERY SUITES
149571047|40BB|8841843|170|ANN ARBOR CLAGUE MS
131166056|40BB|8611913|20|KOMACHIN MS
131166087|40BB|8611913|120|KOMACHIN MS
131166099|40BB|8611913|160|KOMACHIN MS
131166105|40BB|8611913|180|KOMACHIN MS
146083507|40BA|8634635|60|HAZELTON BUS STORAGE/MAINTENANCE FACILITY
145804689|40BB|8807240|50|LORD ADHESIVE SPRAY ROOM
146648802|40BB|8816214|20|ART FACILITY
146083513|40BA|8634635|140|HAZELTON BUS STORAGE/MAINTENANCE FACILITY
148667103|40BD|8838001|20|CLAY COUNTY JAIL
146083516|40BA|8634635|180|HAZELTON BUS STORAGE/MAINTENANCE FACILITY
148667111|40BD|8838001|50|CLAY COUNTY JAIL
147251344|40BB|8823069|20|ROCKFORD FLINN MS
146083528|40BA|8634635|330|HAZELTON BUS STORAGE/MAINTENANCE FACILITY
146083531|40BA|8634635|370|HAZELTON BUS STORAGE/MAINTENANCE FACILITY
147672205|40BB|8826598|20|ST MARYS COLLEGE
146083534|40BA|8634635|410|HAZELTON BUS STORAGE/MAINTENANCE FACILITY
148312108|40BB|8833212|20|OTTAWA YMCA
146083522|40BA|8634635|250|HAZELTON BUS STORAGE/MAINTENANCE FACILITY
146083525|40BA|8634635|290|HAZELTON BUS STORAGE/MAINTENANCE FACILITY
146083537|40BA|8634635|450|HAZELTON BUS STORAGE/MAINTENANCE FACILITY
147672212|40BB|8826598|50|ST MARYS COLLEGE
146581653|40BA|8815030|20|GLWA WRRF PS-1
149265943|40BB|8836290|20|ST CLAIR SCHOOL ADDITIONS & REMODEL
146581660|40BA|8815030|50|GLWA WRRF PS-1
147883836|40BD|8826025|20|ONONDAGA COUNTY SLUDGE
147191118|40BA|8822364|20|KENNEWICK - RIDGE VIEW ES
147191425|40BA|8822364|50|KENNEWICK - RIDGE VIEW ES
150486320|40BD|8860937|20|NEBCO II LANDMARK CENTRE - USDA-NRCS TENANT FINISH
150486324|40BD|8860937|50|NEBCO II LANDMARK CENTRE - USDA-NRCS TENANT FINISH
146581667|40BA|8815030|80|GLWA WRRF PS-1
150040872|40BB|8855519|20|222 5TH AVE
147191432|40BA|8822364|80|KENNEWICK - RIDGE VIEW ES
150083813|40BD|8855546|20|IDEXX ROSWELL
146581681|40BA|8815030|140|GLWA WRRF PS-1
146581688|40BA|8815030|170|GLWA WRRF PS-1
150088812|40BB|8856122|40|BGE FLEET SHOP
146581674|40BA|8815030|110|GLWA WRRF PS-1
149519663|40BB|8847160|20|JASPER HIGH SCHOOL POOL
146581695|40BA|8815030|200|GLWA WRRF PS-1
149519670|40BB|8847160|50|JASPER HIGH SCHOOL POOL
146859403|40BA|8817312|20|ERS - NATERA PHASE II
152126885|40BB|8881431|20|INDY PARKS AQUATIC CENTER
146887338|40BA|8819665|20|ERS - PHILA PUBLIC HEALTH
147281013|40BA|8823523|20|AVENCELL 500 FORGE
144733042|40BD|8792666|20|BCH WEYMOUTH
147859277|40BA|8828679|20|HUESTON WOODS LODGE
149570383|40BB|8847752|20|CC BUILDING
148666243|40BA|8837972|20|BRONSON SOUTH HAVEN REHAB POOL
161365751|40BA|8985639|20|Z - ADHESIVE TESTING
149576840|40BB|8848596|20|BROOKDALE HOSPITAL ED
151455216|40BA|8870855|20|ALEF PHASE 1
149286947|40BA|8845020|20|MARINE CITY POOL
150088803|40BB|8856122|20|BGE FLEET SHOP
144733062|40BD|8792666|50|BCH WEYMOUTH
149387149|40BB|8846217|20|YWCA - ROCK ISLAND
152136890|40BD|8882024|20|PAPILLION LA VISTA HS MULTIZONE REPLACEMENTS
151953193|40BA|8879180|20|BUFFALO PUBLIC SCHOOL 192
149518454|40BA|8847693|160|BELLEVUE 600 - TOWER 1
151547987|40BB|8872988|20|DICERNA - 65 HAYDEN 1ST FLOOR LAB EXPANSION
150735230|40BA|8861071|20|LTF - WHEAT RIDGE, CO
152136897|40BD|8882024|50|PAPILLION LA VISTA HS MULTIZONE REPLACEMENTS
148800629|40BD|8839436|20|KINGSBROOK BRIGER BUILDING
151547996|40BB|8872988|50|DICERNA - 65 HAYDEN 1ST FLOOR LAB EXPANSION
152306229|40BA|8884267|20|PARKLAWN ES
152753639|40BB|8888939|50|KJMC DMRI
150868696|40BA|8866561|20|ERS - BIOGEN GTM
151548008|40BB|8872988|80|DICERNA - 65 HAYDEN 1ST FLOOR LAB EXPANSION
152306236|40BA|8884267|50|PARKLAWN ES
148800643|40BD|8839436|40|KINGSBROOK BRIGER BUILDING
152306243|40BA|8884267|80|PARKLAWN ES
152753629|40BB|8888939|20|KJMC DMRI
153593524|40BA|8899576|20|OLIVER WINERY BOTTLING
152420498|40BB|8881285|20|SUPER ONE INTERNATIONAL FALLS
152306250|40BA|8884267|110|PARKLAWN ES
152420666|40BB|8881285|50|SUPER ONE INTERNATIONAL FALLS
152306257|40BA|8884267|140|PARKLAWN ES
153536185|40BB|8898627|40|SPOKANE AIRPORT
153536194|40BB|8898627|60|SPOKANE AIRPORT
151930874|40BA|8878483|20|ERS - DRY FIT
150115532|40BA|8852767|140|GREATER MIDLAND CC
148800655|40BD|8839436|60|KINGSBROOK BRIGER BUILDING
148800668|40BD|8839436|80|KINGSBROOK BRIGER BUILDING
150060624|40BA|8855785|20|JACKSONVILLE BAPTIST FREE STANDING ED
153536137|40BB|8898627|20|SPOKANE AIRPORT
149518461|40BA|8847693|230|BELLEVUE 600 - TOWER 1
151405169|40BB|8864354|20|WARREN MOTT HS RPLC
149518468|40BA|8847693|300|BELLEVUE 600 - TOWER 1
150115493|40BB|8852767|20|GREATER MIDLAND CC
149518475|40BA|8847693|370|BELLEVUE 600 - TOWER 1
152962779|40BB|8890415|20|NM MCHENRY BED TOWER PHASE 2
149518482|40BA|8847693|440|BELLEVUE 600 - TOWER 1
151405180|40BA|8864354|50|WARREN MOTT HS RPLC
150734981|40BA|8858860|20|LTF - MIDDLETOWN, NJ
151405202|40BA|8864354|110|WARREN MOTT HS RPLC
150115507|40BB|8852767|60|GREATER MIDLAND CC
152714523|40BB|8887597|20|BUSH HILL ES
152714530|40BB|8887597|60|BUSH HILL ES
151405191|40BB|8864354|80|WARREN MOTT HS RPLC
151927066|40BA|8876928|110|PAUL A COUSINO HS RPLC
150115520|40BB|8852767|100|GREATER MIDLAND CC
152714537|40BB|8887597|100|BUSH HILL ES
152714544|40BB|8887597|140|BUSH HILL ES
151405214|40BA|8864354|140|WARREN MOTT HS RPLC
152714551|40BB|8887597|180|BUSH HILL ES
152714558|40BB|8887597|220|BUSH HILL ES
152962987|40BB|8890415|50|NM MCHENRY BED TOWER PHASE 2
153468584|40BA|8897299|20|VA TOMAH
151926958|40BB|8876928|20|PAUL A COUSINO HS RPLC
151458722|40BA|8870862|20|TRINE UNIVERSITY
148306032|40BA|8833002|20|CROTONVILLE PUMP STATION
151930629|40BB|8877933|20|JOHN DEERE REPLACEMENT INNOVENT UNIT
151617085|40BA|8873742|20|CITY OF ANN ARBOR WASTE WATER HEADWORKS
148412232|40BB|8833928|110|IDEXX PROJECT STALLION
151927047|40BB|8876928|50|PAUL A COUSINO HS RPLC
151927056|40BB|8876928|80|PAUL A COUSINO HS RPLC
152053465|40BA|8877648|20|VT - PEDROW YATES
150775729|40BB|8864233|20|STERLING HEIGHTS HS RPLC
150775737|40BB|8864233|50|STERLING HEIGHTS HS RPLC
152053473|40BA|8877648|40|VT - PEDROW YATES
151927075|40BB|8876928|140|PAUL A COUSINO HS RPLC
152053481|40BA|8877648|60|VT - PEDROW YATES
151546873|40BD|8871795|20|2000 _ 2001 SOUTH BELL STREET
152053489|40BA|8877648|80|VT - PEDROW YATES
146083519|40BB|8634635|220|HAZELTON BUS STORAGE/MAINTENANCE FACILITY
152953817|40BA|8890140|20|CAMP MURRAY
150735241|40BB|8861123|20|CHASKA MIDDLE SCHOOL EAST POOL
152954585|40BA|8890140|40|CAMP MURRAY
151788194|40BD|8876715|20|IOWA CLINIC WAUKEE
152012549|40BD|8880117|20|UC HOXWORTH
152954593|40BA|8890140|60|CAMP MURRAY
152954601|40BA|8890140|80|CAMP MURRAY
150402195|40BB|8860132|20|GREATER WICHITA YMCA ANDOVER BRANCH RESTORATION
152954609|40BA|8890140|100|CAMP MURRAY
151932246|40BA|8878649|20|MMSD LA FOLLETTE HS POOL
148412206|40BB|8833928|50|IDEXX PROJECT STALLION
153306483|40BD|8894931|20|RACHEL CARSON ES PH2
152041671|40BD|8880394|20|MERCK ANIMAL HEALTH - ELKHORN
153338359|40BA|8895393|20|WYANDOTTE ROOSEVELT HS
152043812|40BB|8880681|20|EAST MIDDLE SCHOOL
153090506|40BB|8892640|20|KING COUNTY AQUATIC CENTER
153927990|40BA|8902245|40|ERS - LABCORP RARITAN
150402564|40BB|8860132|40|GREATER WICHITA YMCA ANDOVER BRANCH RESTORATION
151547208|40BD|8871795|50|2000 _ 2001 SOUTH BELL STREET
153927986|40BA|8902245|20|ERS - LABCORP RARITAN
150452318|40BB|8859941|20|KAISER ALUMINUM
154438775|40BB|8908332|20|ANDERSEN MS CAFETORIUM RTU-7
152129791|40BD|8881624|20|PEMBROKE ES
154080690|40BA|8904671|20|LCCC RAC
152129802|40BD|8881624|50|PEMBROKE ES
152127706|40BD|8881622|20|TRANTWOOD ES
152127714|40BD|8881622|50|TRANTWOOD ES
154080661|40BA|8904671|90|LCCC RAC
148412219|40BB|8833928|80|IDEXX PROJECT STALLION
154080671|40BA|8904671|120|LCCC RAC
154121915|40BA|8905307|20|VALLEY ORTHOPEDIC MEDICAL CENTER
154255313|40BA|8907651|20|SIERRA HS NATATORIUM
154080652|40BB|8904671|50|LCCC RAC
154805518|40BA|8913043|20|BOSTON SCIENTIFIC
151547218|40BD|8871795|80|2000 _ 2001 SOUTH BELL STREET
153573105|40BB|8898816|20|UNITED THERAPEUTICS OMG
154080681|40BB|8904671|160|LCCC RAC
154805526|40BA|8913043|50|BOSTON SCIENTIFIC
154805534|40BA|8913043|80|BOSTON SCIENTIFIC
148412193|40BB|8833928|20|IDEXX PROJECT STALLION
154805542|40BA|8913043|110|BOSTON SCIENTIFIC
153573121|40BB|8898816|60|UNITED THERAPEUTICS OMG
155150803|40BB|8918214|20|PIER 66
155109563|40BA|8917707|20|GARY YWCA
155109333|40BB|8917514|20|V3 SPORTS CENTER
155208163|40BB|8919755|20|FRANKLIN COMMUNITY MIDDLE SCHOOL
151547233|40BD|8871795|110|2000 _ 2001 SOUTH BELL STREET
155109346|40BA|8917514|60|V3 SPORTS CENTER
151638792|40BC|8874192|20|JEFFERSON COUNTY COURTHOUSE
153573137|40BB|8898816|100|UNITED THERAPEUTICS OMG
154435476|40BB|8905528|20|NMS LABS INCUBATOR
149518489|40BA|8847693|510|BELLEVUE 600 - TOWER 1
149518496|40BA|8847693|580|BELLEVUE 600 - TOWER 1
149518503|40BA|8847693|650|BELLEVUE 600 - TOWER 1
146541928|40BD|8812267|120|MERCY FS TOWER WEST
146541891|40BD|8812267|40|MERCY FS TOWER WEST
146541909|40BD|8812267|80|MERCY FS TOWER WEST
149518510|40BA|8847693|720|BELLEVUE 600 - TOWER 1
154438765|40BB|8905528|40|NMS LABS INCUBATOR
149518517|40BA|8847693|790|BELLEVUE 600 - TOWER 1
156983611|40BD|8939903|20|NORDAM NTD
155122301|40BB|8917503|20|AUGUSTUS BROWN POOL RENO
155122309|40BB|8917503|40|AUGUSTUS BROWN POOL RENO
155456501|40BA|8923404|20|ERS - BRASKEM
155456725|40BA|8923404|40|ERS - BRASKEM
155861738|40BA|8927550|20|EIELSON COMBAT ALERT CELL APPARATUS BAY
155177599|40BB|8919033|20|COOPER FARMS
155177774|40BB|8919212|20|MANASSAS PARK CITY HS
155611460|40BA|8923715|20|MIDDLETOWN WRF
155390288|40BD|8922069|20|APPLETON WWTP PRESS EQUIP
157441899|40BA|8945087|20|CEDAR GROVE BELGIUM
155478873|40BB|8922969|20|CHARLOTTE MS POOL
155178343|40BA|8919212|50|MANASSAS PARK CITY HS
155178354|40BB|8919212|70|MANASSAS PARK CITY HS
158654311|40BA|8960620|20|ERS - UQAC LABORATOIRE CONFINEMENT
157449596|40BA|8945590|20|WEST LANSING YMCA
155856693|40BB|8927035|20|HARTLAND HS RPLC
155861336|40BD|8927077|40|REGENERON 3C
155861323|40BD|8927077|20|REGENERON 3C
158858935|40BA|8958577|20|MISSOURI RIVER WWTP 2021
158858940|40BA|8958577|40|MISSOURI RIVER WWTP 2021
146541478|40BD|8812267|20|MERCY FS TOWER WEST
146541896|40BD|8812267|60|MERCY FS TOWER WEST
146541914|40BD|8812267|100|MERCY FS TOWER WEST
158859105|40BA|8958577|60|MISSOURI RIVER WWTP 2021
156355266|40BD|8932262|20|BURNSVILLE CSA
157275898|40BB|8937894|260|10 WORLD TRADE CENTER
149518524|40BA|8847693|860|BELLEVUE 600 - TOWER 1
154078262|40BB|8904317|20|HEYWOOD HOSPITAL SURGERY ADDITION
149518531|40BA|8847693|930|BELLEVUE 600 - TOWER 1
157308373|40BB|8942089|20|HAMBURG YMCA POOL
149518538|40BA|8847693|1000|BELLEVUE 600 - TOWER 1
149518545|40BA|8847693|1070|BELLEVUE 600 - TOWER 1
149518552|40BA|8847693|1140|BELLEVUE 600 - TOWER 1
157275890|40BB|8937894|230|10 WORLD TRADE CENTER
158795898|40BB|8962573|40|INTELLIA
158777582|40BA|8962485|20|ERS - 5505 CENTRAL ENERGY RECOVERY SYSTEM
157943936|40BB|8953326|20|MICROSOFT FTY01 DATA CENTER
159429480|40BA|8969328|20|FOREST GROVE ELEMENTARY SCHOOL
159429488|40BA|8969328|40|FOREST GROVE ELEMENTARY SCHOOL
157275808|40BB|8937894|50|10 WORLD TRADE CENTER
159429497|40BA|8969328|60|FOREST GROVE ELEMENTARY SCHOOL
155131351|40BC|8905572|20|WILDERNESS AT THE SMOKIES
158795887|40BB|8962573|20|INTELLIA
159783676|40BA|8973257|20|ERS - 2201636 FORENSICS LAB & CORONERS OFFICE
158795909|40BB|8962573|60|INTELLIA
158764442|40BB|8961973|20|SAPUTO SCHOLLE FILLING ROOM
159783680|40BA|8973257|40|ERS - 2201636 FORENSICS LAB & CORONERS OFFICE
157275834|40BB|8937894|110|10 WORLD TRADE CENTER
155131363|40BC|8905572|60|WILDERNESS AT THE SMOKIES
157494507|40BB|8945533|20|CCSD
157275906|40BB|8937894|290|10 WORLD TRADE CENTER
159793325|40BA|8973308|20|ERS - AMGEN NORTH CAROLINA
158526974|40BB|8953920|20|IOWA CLINIC WAUKEE MOB
157590633|40BD|8947083|20|WPAFB BLDG 490 RC153
157650229|40BB|8945305|40|FALLBROOK YMCA
157650217|40BB|8945305|20|FALLBROOK YMCA
161352458|40BB|8971775|20|PLEASANT VALLEY JR HIGH SCHOOL
155131375|40BC|8905572|100|WILDERNESS AT THE SMOKIES
161352966|40BA|8971775|50|PLEASANT VALLEY JR HIGH SCHOOL
161352974|40BA|8971775|70|PLEASANT VALLEY JR HIGH SCHOOL
157275790|40BB|8937894|20|10 WORLD TRADE CENTER
161352982|40BA|8971775|90|PLEASANT VALLEY JR HIGH SCHOOL
160577101|40BB|8982888|20|GWL NORTHEAST
161701150|40BA|8997673|20|SHAHEEN CHEVROLET OF LANSING
160577108|40BB|8982888|60|GWL NORTHEAST
157275850|40BB|8937894|140|10 WORLD TRADE CENTER
161352990|40BA|8971775|110|PLEASANT VALLEY JR HIGH SCHOOL
160577115|40BB|8982888|100|GWL NORTHEAST
161701162|40BA|8997673|50|SHAHEEN CHEVROLET OF LANSING
155131387|40BC|8905572|140|WILDERNESS AT THE SMOKIES
161890460|40BA|9000721|20|PURDUE STUDENT ATHLETICS
161890609|40BA|9000721|60|PURDUE STUDENT ATHLETICS
157275866|40BB|8937894|170|10 WORLD TRADE CENTER
162371227|40BA|9007212|20|UPPER ARLINGTON COMMUNITY CENTER
160577122|40BB|8982888|140|GWL NORTHEAST
160577129|40BB|8982888|180|GWL NORTHEAST
159186897|40BA|8967743|20|HVSD LAKELAND HS
162515662|40BA|9010186|20|NORTHWEST KIDNEY CENTER
159186908|40BB|8967743|40|HVSD LAKELAND HS
159789115|40BA|8973291|20|ERS - PROJECT APOLLO
157275882|40BB|8937894|200|10 WORLD TRADE CENTER
159789119|40BA|8973291|40|ERS - PROJECT APOLLO
159262774|40BD|8968858|20|MCES-ERWRF
161353083|40BA|8990325|20|FAIRFIELD PUMP STATION
159262983|40BD|8968858|50|MCES-ERWRF
163333881|40BA|9020418|20|ERS - 35120 KSU MOSIER HALL
157275922|40BB|8937894|320|10 WORLD TRADE CENTER
163659373|40BA|9025329|20|KENTUCKY SCHOOL FOR THE DEAF
163823218|40BA|9002868|20|SEPTA FRAZER SHOP AND YARD EXPANSION PHASE 3
163823266|40BA|9002868|40|SEPTA FRAZER SHOP AND YARD EXPANSION PHASE 3
157776342|40BD|8950613|20|WEST POINT BATTERY
163823274|40BA|9002868|60|SEPTA FRAZER SHOP AND YARD EXPANSION PHASE 3
159951317|40BB|8975191|20|ROCK ROW MEDICAL
163823282|40BA|9002868|80|SEPTA FRAZER SHOP AND YARD EXPANSION PHASE 3
159262992|40BD|8968858|80|MCES-ERWRF
163823290|40BA|9002868|100|SEPTA FRAZER SHOP AND YARD EXPANSION PHASE 3
159263001|40BD|8968858|110|MCES-ERWRF
158162790|40BD|8955134|20|BELMONT GROSS ANATOMY LAB
163823298|40BA|9002868|120|SEPTA FRAZER SHOP AND YARD EXPANSION PHASE 3
160521074|40BB|8982012|20|MURRAY COUNTY HIGHWAY DEPT
157275930|40BB|8937894|350|10 WORLD TRADE CENTER
163823306|40BA|9002868|140|SEPTA FRAZER SHOP AND YARD EXPANSION PHASE 3
163823314|40BA|9002868|160|SEPTA FRAZER SHOP AND YARD EXPANSION PHASE 3
157776351|40BD|8950613|50|WEST POINT BATTERY
157776360|40BD|8950613|80|WEST POINT BATTERY
149518559|40BA|8847693|1210|BELLEVUE 600 - TOWER 1
149518566|40BA|8847693|1280|BELLEVUE 600 - TOWER 1
157275826|40BB|8937894|80|10 WORLD TRADE CENTER
149518573|40BA|8847693|1350|BELLEVUE 600 - TOWER 1
159433945|40BB|8968810|20|LEANDER ES #30
149518580|40BA|8847693|1420|BELLEVUE 600 - TOWER 1
157776369|40BD|8950613|110|WEST POINT BATTERY
159433973|40BA|8968810|140|LEANDER ES #30
157776378|40BD|8950613|140|WEST POINT BATTERY
157494518|40BB|8945533|80|CCSD
149518607|40BA|8847693|1630|BELLEVUE 600 - TOWER 1
159433955|40BB|8968810|60|LEANDER ES #30
164263134|40BA|9035092|20|LSW- PECOS SWTP ADMIN BLDG
159433965|40BB|8968810|100|LEANDER ES #30
164330619|40BA|9036332|40|GREAT WOLF LODGE
153961850|40BB|8892002|60|CALEDONIA CALPLEX PS YMCA
164330608|40BA|9036332|20|GREAT WOLF LODGE
160063185|40BA|8977198|20|SOUTHRIDGE REC CENTER REPLACEMENT
153961820|40BB|8892002|20|CALEDONIA CALPLEX PS YMCA
159081409|40BB|8966255|20|HALL OF FAME WATERPARK
164817675|40BA|9041614|20|TAC SOUTH
153961879|40BB|8892002|200|CALEDONIA CALPLEX PS YMCA
153961865|40BB|8892002|130|CALEDONIA CALPLEX PS YMCA
164939849|40BA|9045349|20|BHSF FISHERMAN MAB
163903381|40BA|9030565|20|SUPER ONE WALKER
163903709|40BA|9030565|50|SUPER ONE WALKER
159081416|40BB|8966255|60|HALL OF FAME WATERPARK
159889596|40BB|8974755|20|WOODHAVEN HS
165164461|40BA|9049682|20|AACPS DAVIDSONVILLE ROAU-3 REPL
159081483|40BB|8966255|100|HALL OF FAME WATERPARK
159081490|40BB|8966255|140|HALL OF FAME WATERPARK
166488502|40BA|9069192|20|ERS - WM ISC4 ERU
159846514|40BB|8974248|20|113 POTOMAC AVENUE
159882675|40BB|8974996|20|SNAP DRAGON PHASE 1
165728952|40BA|9059164|20|950 3RD STREET
166480631|40BA|9068735|20|HCW BIO
159081497|40BB|8966255|180|HALL OF FAME WATERPARK
164779749|40BA|9039067|20|ERS - BIOGEN ASO
160424137|40BD|8980738|20|LAPHAM FIELD HOUSE
166480641|40BA|9068735|50|HCW BIO
160063176|40BB|8977198|50|SOUTHRIDGE REC CENTER REPLACEMENT
164779753|40BA|9039067|40|ERS - BIOGEN ASO
161353153|40BD|8977515|20|YALE STORAGE
166602695|40BA|9070926|20|LTF - DRUID HILLS, GA
167852845|40BA|9086818|20|ERS - AGILENT TECHNOLOGIES ENDEAVOR BUILDING PH 1
161796911|40BB|8999470|20|CHESTERTON HS
162450940|40BB|9005957|20|RRISD KATHY CARAWAY ES
167855612|40BA|9086841|20|ERS - AGILENT TECHNOLOGIES ENDEAVOR BUILDING PH 2
161155975|40BB|8989628|20|CANTON POOL
167857553|40BA|9086856|20|ERS - AGILENT TECHNOLOGIES ENDEAVOR BUILDING PH 3
167948553|40BA|9088967|20|ROSEMOUNT POLICE STATION
161511433|40BD|8994155|20|WATERFORD MOTT POOL
168215100|40BA|9092014|20|PASCO HS HRU
168215126|40BA|9092014|80|PASCO HS HRU
161542964|40BB|8995240|20|KOWALSKIS-SOUTHDALE-EDINA
161766077|40BB|8997843|20|RANDALLSTOWN COMMUNITY CENTER
168215134|40BA|9092014|100|PASCO HS HRU
168215142|40BA|9092014|120|PASCO HS HRU
161827262|40BD|8999539|20|5 BURLINGTON WOODS
163044687|40BD|9016552|20|FTW AQUATIC CENTER - COFFMAN
168215150|40BA|9092014|140|PASCO HS HRU
161528779|40BB|8994831|20|BMIL - PO0102014
161528781|40BB|8994831|40|BMIL - PO0102014
161528803|40BB|8994831|60|BMIL - PO0102014
161528805|40BB|8994831|80|BMIL - PO0102014
161528807|40BB|8994831|100|BMIL - PO0102014
161528809|40BB|8994831|120|BMIL - PO0102014
161827275|40BD|8999539|50|5 BURLINGTON WOODS
161805110|40BB|8999503|20|COUNTRYSIDE YMCA
163044697|40BD|9016552|40|FTW AQUATIC CENTER - COFFMAN
168227500|40BA|9092248|20|WASHINGTON COUNTY NORTHERN ENVIRONMENTAL CENTER
161827288|40BD|8999539|80|5 BURLINGTON WOODS
162254845|40BD|8990342|20|WOODLAND HILLS MALL RTU-5
168439010|40BA|9095113|20|PASCO HS AHU
161528811|40BB|8994834|20|BMIL - PO0102015
161528813|40BB|8994834|40|BMIL - PO0102015
161528815|40BB|8994834|60|BMIL - PO0102015
161528817|40BB|8994834|80|BMIL - PO0102015
161528819|40BB|8994834|100|BMIL - PO0102015
161528821|40BB|8994834|120|BMIL - PO0102015
168439018|40BA|9095113|40|PASCO HS AHU
161827301|40BD|8999539|110|5 BURLINGTON WOODS
162370830|40BB|9005025|20|NEW LONDON REC CENTER
162976925|40BB|9009532|20|BLACK HAWK COLLEGE BLDG 3
162518917|40BB|9009194|20|HARVARD UNIVERSITY NI LAB FITOUT
162518928|40BB|9009194|40|HARVARD UNIVERSITY NI LAB FITOUT
168439107|40BA|9095113|60|PASCO HS AHU
138767364|40BB|8712390|20|AZP EVAPORATIVE COOLER
168439116|40BA|9095113|80|PASCO HS AHU
163973793|40BB|9026719|20|UHKC DERMATOLOGY CLINIC
168439124|40BA|9095113|100|PASCO HS AHU
163598554|40BB|9018177|20|ESSEX CC
163598582|40BB|9018177|50|ESSEX CC
163782872|40BD|9028589|20|CENTRAL HS
168439132|40BA|9095113|120|PASCO HS AHU
164814968|40BB|9040070|70|HUNTERSVILLE FAMILY FITNESS AND AQUATICS
165135983|40BB|9048826|20|MHA NATION FOUR BEARS COMMUNITY PARK
165135990|40BB|9048826|50|MHA NATION FOUR BEARS COMMUNITY PARK
168439140|40BA|9095113|140|PASCO HS AHU
164813300|40BB|9040005|20|ALBANY CSD HS PHASE 4
164813818|40BB|9040005|60|ALBANY CSD HS PHASE 4
168439157|40BA|9095113|180|PASCO HS AHU
168439166|40BA|9095113|200|PASCO HS AHU
164813809|40BB|9040005|40|ALBANY CSD HS PHASE 4
168215108|40BA|9092014|40|PASCO HS HRU
164816782|40BD|9040289|50|CPS NOBLE
164816843|40BD|9040289|20|CPS NOBLE
168215118|40BD|9092014|60|PASCO HS HRU
164814796|40BB|9040070|20|HUNTERSVILLE FAMILY FITNESS AND AQUATICS
165447398|40BB|9050489|20|CLARK COUNTY DETENTION CENTER
169296802|40BA|9105891|20|LEWIS HS
169296809|40BA|9105891|60|LEWIS HS
164812364|40BB|9039738|20|KCMO SOUTHEAST COMMUNITY CENTER
164812368|40BB|9039738|80|KCMO SOUTHEAST COMMUNITY CENTER
169296816|40BA|9105891|100|LEWIS HS
164888436|40BD|9044705|20|MADISON AQUATIC CENTER
165447406|40BB|9050489|40|CLARK COUNTY DETENTION CENTER
169296823|40BA|9105891|140|LEWIS HS
164816791|40BD|9040289|80|CPS NOBLE
164816800|40BD|9040289|110|CPS NOBLE
169296830|40BA|9105891|180|LEWIS HS
169296844|40BA|9105891|260|LEWIS HS
169296837|40BA|9105891|220|LEWIS HS
169296851|40BA|9105891|300|LEWIS HS
165685369|40BB|9057754|20|BRANDON HS POOL
164816809|40BD|9040289|140|CPS NOBLE
164816818|40BD|9040289|170|CPS NOBLE
166420845|40BA|9066801|20|CLARKSVILLE WWTP DRYER BSL-MAU-1
165700969|40BD|9049897|20|JESUP CSD
165700984|40BD|9056313|20|VAN BUREN HOSPITAL
164939187|40BB|9045293|20|GRANT PARK
166420859|40BA|9066838|20|CLARKSVILLE WWTP DRYER TDF-MAU-2
165447415|40BB|9052752|20|GRASSY CREEK PARK
165447421|40BB|9052752|50|GRASSY CREEK PARK
170427922|40BA|9122303|20|FT LUPTON REC POOL
165999601|40BB|9062967|20|GALLOWAY RIDGE POOL
166134566|40BD|9060557|20|WASHINGTON YMCA
170511197|40BA|9123511|20|ERS- UT WOLFE HALL LAB RENOVATION
165728280|40BB|9059124|20|WSECU
166095813|40BB|9064066|20|UNITED SALT
166397793|40BB|9066698|20|SPRING HILL RECREATION CENTER
170979611|40BA|9129761|20|NORTH VALLEY AQUATIC
166916636|40BB|9074102|20|GRAYLING MS
166420852|40BB|9066822|20|CLARKSVILLE WWTP DRYER TDF-MAU-1
171631306|40BA|9138278|20|EIE-B1324 MUNITIONS INSPECTION - J
166397805|40BB|9066698|50|SPRING HILL RECREATION CENTER
166567958|40BD|9069544|20|TONAWANDA ICE RINK
169897173|40BA|9115377|20|WESTERN WI HEALTH HOSPITAL ADDITION
169055232|40BD|9076969|20|FTW BOWLING ALLEY - COFFMAN
169055241|40BD|9076969|40|FTW BOWLING ALLEY - COFFMAN
172947592|40BA|9156490|20|ERS - UTRGV CANCER
167021945|40BB|9077358|20|SANDWICH HS
167021952|40BB|9077358|40|SANDWICH HS
167021959|40BB|9077358|60|SANDWICH HS
167893636|40BD|9088007|20|PSU - WHITE BLDG RPLC
167405418|40BB|9082402|60|LTF - ROSEMOUNT, MN
168929729|40BB|9101419|20|RPS KELLOGG MS POOL
168109884|40BB|9090847|20|MORRIS HOSPITAL YMCA
168402842|40BB|9094740|20|SD CULTURAL HERITAGE CENTER
167145410|40BD|9079243|20|D.G. COOLEY ES - PHASE 2
169760973|40BB|9111074|20|CHASKA MIDDLE SCHOOL WEST
169761643|40BA|9111074|50|CHASKA MIDDLE SCHOOL WEST
169761653|40BB|9111074|80|CHASKA MIDDLE SCHOOL WEST
167405406|40BA|9082402|20|LTF - ROSEMOUNT, MN
168482165|40BB|9085817|20|TROY & DOLLIE SMITH FAMILY YMCA
168619313|40BB|9097275|20|CSM MINES C PKII
169761664|40BA|9111074|110|CHASKA MIDDLE SCHOOL WEST
166667594|40BD|9072406|20|99 ERIE STREET CAMBRIDGE
170202055|40BB|9119604|20|CSM MINES C PKII RTU UNITS
169054327|40BB|9096756|20|GRH CRESTON MAP EXPANSION
169897150|40BB|9115266|20|BAD RIVER HEALTH AND WELLNESS
169897158|40BB|9115266|70|BAD RIVER HEALTH AND WELLNESS
169516190|40BB|9110106|20|LA CRESCENT SCHOOL
170202283|40BB|9119604|50|CSM MINES C PKII RTU UNITS
174270856|40BA|9169997|20|WESCOTT POOL
172533753|40BB|9151182|20|HASTINGS SCHOOLS COMMUNITY POOL
172533760|40BB|9151182|40|HASTINGS SCHOOLS COMMUNITY POOL
174270865|40BA|9169997|50|WESCOTT POOL
169931402|40BA|9116148|50|NORTH HAMMOND YMCA
169931389|40BB|9116148|20|NORTH HAMMOND YMCA
168971896|40BB|9102211|20|OGILVIE POOL
170126055|40BD|9117827|20|PLATTSMOUTH WWTP
169516199|40BB|9110106|40|LA CRESCENT SCHOOL
174293890|40BA|9172299|20|LISD CANYON RIDGE MS
170126095|40BB|9117827|80|PLATTSMOUTH WWTP
171265734|40BD|9133497|40|NEW BALANCE
171265761|40BD|9133497|20|NEW BALANCE
169555774|40BB|9096172|20|BELTON ISD HS
168439148|40BA|9095113|160|PASCO HS AHU
168439174|40BA|9095113|220|PASCO HS AHU
169555786|40BB|9096172|50|BELTON ISD HS
170126084|40BA|9117827|50|PLATTSMOUTH WWTP
174293903|40BA|9172299|60|LISD CANYON RIDGE MS
171265743|40BD|9133497|60|NEW BALANCE
169555798|40BB|9096172|80|BELTON ISD HS
171265752|40BD|9133497|80|NEW BALANCE
171443030|40BB|9133334|20|BAVARIAN INN
163783121|40BD|9028601|20|HICKORY CANCER CENTER
169555822|40BB|9096172|140|BELTON ISD HS
171443050|40BA|9133334|60|BAVARIAN INN
174293916|40BA|9172299|100|LISD CANYON RIDGE MS
171264206|40BB|9133327|20|NORTH LOGAN CACHE VALLEY TRANSIT
169555810|40BB|9096172|110|BELTON ISD HS
174747979|40BA|9177094|20|ERS- AGILENT TECHNOLOGIES ENDEAVOR BUILDING PH 4
163783313|40BD|9028601|60|HICKORY CANCER CENTER
171443042|40BB|9133334|40|BAVARIAN INN
174748003|40BA|9177094|40|ERS- AGILENT TECHNOLOGIES ENDEAVOR BUILDING PH 4
170613473|40BD|9122148|20|DALLAS CO ADMIN
172312765|40BB|9148736|20|MARSHALL WHITE CC
174748007|40BA|9177094|60|ERS- AGILENT TECHNOLOGIES ENDEAVOR BUILDING PH 4
171443062|40BB|9133334|80|BAVARIAN INN
174748011|40BA|9177094|80|ERS- AGILENT TECHNOLOGIES ENDEAVOR BUILDING PH 4
174293929|40BA|9172299|140|LISD CANYON RIDGE MS
171443074|40BB|9133334|100|BAVARIAN INN
174748015|40BA|9177094|100|ERS- AGILENT TECHNOLOGIES ENDEAVOR BUILDING PH 4
170979622|40BB|9129832|20|VALLEY CENTER AQUATICS AND FITNESS CENTER
170979630|40BB|9129832|50|VALLEY CENTER AQUATICS AND FITNESS CENTER
174293942|40BA|9172299|180|LISD CANYON RIDGE MS
171085994|40BD|9129945|20|ICCSD CITY HS PH3
171210885|40BD|9131792|40|CHEROKEE REGIONAL MEDICAL CENTER
171210894|40BD|9131792|20|CHEROKEE REGIONAL MEDICAL CENTER
171090795|40BB|9131468|20|GEORGE MEYERS POOL
172381606|40BB|9148971|20|EOU INLOW HALL
174293954|40BA|9172299|220|LISD CANYON RIDGE MS
171090806|40BB|9131468|80|GEORGE MEYERS POOL
171086007|40BD|9129945|70|ICCSD CITY HS PH3
174293967|40BA|9172299|260|LISD CANYON RIDGE MS
173835898|40BD|9166104|20|REEDSBURG
172214933|40BB|9143256|20|WYANDOTTE WWTP
171597860|40BB|9138282|20|LOCKPORT FITNESS
172400774|40BB|9149417|20|CPS NORFOLK HIGHLANDS PRIMARY
174678116|40BA|9177080|20|FERNDALE EARLY EDUCATION CENTER
174678142|40BA|9177080|140|FERNDALE EARLY EDUCATION CENTER
171090817|40BB|9131468|140|GEORGE MEYERS POOL
172302890|40BD|9148298|20|ODOT WEST BROAD
172634468|40BB|9149115|20|FITZGERALD MOUND
172693198|40BA|9153796|20|RICHARD J MURPHY POOL
171556077|40BA|9137108|20|SAUK CENTRE SCHOOL POOL
172773342|40BB|9154596|20|3M AMES
172773351|40BB|9154596|40|3M AMES
174749678|40BA|9178218|20|HOAG IRVINE
172838960|40BB|9155297|20|BUSH BROTHERS
172838967|40BB|9155297|40|BUSH BROTHERS
172634479|40BB|9149115|50|FITZGERALD MOUND
173786133|40BB|9165390|20|LODGE AT DEADWOOD POOL
174761523|40BA|9178621|20|CITY OF EL PASO POOL
175394771|40BA|9183741|20|LINCOLN PARK HIGH SCHOOL
173409181|40BB|9157987|20|JFK POOL - BRIDGEPORT
173409224|40BB|9159727|20|SEWARD WELLNESS CENTER
172527390|40BD|9150992|20|BWH PATRIOT PLACE
173783849|40BB|9165288|20|INWOOD ATHLETIC CLUB
176047981|40BA|9192811|20|GREAT PLAINS HEALTH PHYSICAL THERAPY
173510122|40BB|9162710|20|WALLED LAKE WESTERN HS POOL
174048940|40BB|9167678|20|WALLED LAKE CENTRAL HS POOL
176283863|40BA|9197082|20|ERS - RIVERSIDE LABS BLDG 9
173475049|40BB|9161667|20|AMSPEC AVENAL
173857191|40BB|9166765|20|FLWB BOWLING PAVILION
176283867|40BA|9197082|40|ERS - RIVERSIDE LABS BLDG 9
173877426|40BB|9166971|20|LAPEER LYNCH ES
173877440|40BB|9166971|60|LAPEER LYNCH ES
175730249|40BB|9189102|20|200 LESLIE
176339912|40BA|9198024|120|TYEE HS
174080297|40BB|9169670|20|LISD RUNNING BRUSHY MS
173877432|40BB|9166971|40|LAPEER LYNCH ES
173877448|40BB|9166971|80|LAPEER LYNCH ES
176339933|40BA|9198024|180|TYEE HS
174051098|40BB|9168487|20|LISD VISTA RIDGE HS
174077474|40BB|9168532|20|CLR049 CLEAR RADAR STATION - JR
176339891|40BA|9198024|60|TYEE HS
174051166|40BB|9168487|160|LISD VISTA RIDGE HS
174051139|40BB|9168487|90|LISD VISTA RIDGE HS
176339898|40BA|9198024|80|TYEE HS
174051130|40BA|9168487|50|LISD VISTA RIDGE HS
174051179|40BB|9168487|200|LISD VISTA RIDGE HS
174051154|40BD|9168487|120|LISD VISTA RIDGE HS
176339947|40BA|9198024|220|TYEE HS
177984586|40BB|9227830|20|DAKOTA MEADOWS MIDDLE SCHOOL
176339919|40BA|9198024|140|TYEE HS
174051188|40BB|9168487|240|LISD VISTA RIDGE HS
174051197|40BB|9168487|270|LISD VISTA RIDGE HS
176339884|40BA|9198024|40|TYEE HS
176339926|40BA|9198024|160|TYEE HS
174051212|40BB|9168487|300|LISD VISTA RIDGE HS
177982463|40BA|9227867|20|CHASKA MS WEST RTU-2
176339905|40BA|9198024|100|TYEE HS
160422159|40BD|8980709|20|OAK BROOK PARK DISTRICT - FAMILY REC CENTER
176339940|40BA|9198024|200|TYEE HS
174051224|40BB|9168487|340|LISD VISTA RIDGE HS
174051233|40BB|9168487|380|LISD VISTA RIDGE HS
176366313|40BA|9198567|20|CHAMPLAIN VALLEY POOL - PHASE 2
174051245|40BB|9168487|410|LISD VISTA RIDGE HS
176339777|40BA|9198024|20|TYEE HS
177914785|40BA|9226846|20|ERS - QUEST DIAGNOSTICS LEWISVILLE
178291796|40BB|9231812|20|SCOTT AFB
174051254|40BB|9168487|450|LISD VISTA RIDGE HS
174051269|40BB|9168487|480|LISD VISTA RIDGE HS
177177554|40BA|9212388|20|HALIFAX FSED PORT ORANGE
174447127|40BD|9173567|20|CURIUM CHILLER PLANT EXPANSION
177177567|40BA|9212388|50|HALIFAX FSED PORT ORANGE
177915976|40BB|9227113|20|LARAMIE REC CENTER - RTU-8
176852386|40BA|9205805|20|WILSON CSD
174182538|40BB|9170036|20|LISD BAGDAD ES
177315280|40BA|9215274|20|DIEKMAN SCHOOL
176852393|40BA|9205805|40|WILSON CSD
174081450|40BB|9169670|60|LISD RUNNING BRUSHY MS
177315307|40BA|9215274|50|DIEKMAN SCHOOL
177453676|40BA|9216256|20|ST CLAIR HS
174182871|40BB|9170036|60|LISD BAGDAD ES
174292101|40BD|9172180|20|NEW ULM READINESS CENTER
174081463|40BB|9169670|100|LISD RUNNING BRUSHY MS
177430707|40BA|9217104|20|XCEL ENERGY SERVICE CENTER CHANHASSEN
179022637|40BB|9243963|40|SPRING LAKE SCHOOLS ERU
177849276|40BA|9225841|20|ERS - USDA ARS RESEARCH LAB
174292120|40BD|9172180|80|NEW ULM READINESS CENTER
174292108|40BA|9172180|60|NEW ULM READINESS CENTER
178342995|40BB|9232648|20|RENOVATE AUDIOLOGY FOR SPECIALTY CLINIC
179022647|40BB|9243963|60|SPRING LAKE SCHOOLS ERU
177892913|40BA|9226398|20|PALM BEACH DAY ACADEMY
174678129|40BB|9177080|80|FERNDALE EARLY EDUCATION CENTER
178477268|40BA|9235700|20|FL BLUE AHU REPLACEMENT
174292132|40BD|9172180|120|NEW ULM READINESS CENTER
175545647|40BB|9184647|20|UBC BIOMEDICAL
178641248|40BA|9238087|20|ERS - NORTHEAST WATER POLLUTION
179022627|40BA|9243963|20|SPRING LAKE SCHOOLS ERU
179028331|40BB|9244523|20|LINCOLN-ELIOT ES
179074963|40BB|9244542|20|BROCKTON PUBLIC SAFETY
179022053|40BA|9243814|20|BROADVIEW BAPTIST CHURCH
175544421|40BD|9184212|20|MERCK
175555740|40BB|9186604|20|WAUKEE PUBLIC SAFETY BUILDING
175555763|40BB|9186604|50|WAUKEE PUBLIC SAFETY BUILDING
175832617|40BD|9189748|20|VONS SANTA MONICA
179074976|40BB|9244542|40|BROCKTON PUBLIC SAFETY
175545636|40BD|9184212|50|MERCK
179074989|40BB|9244542|60|BROCKTON PUBLIC SAFETY
179094014|40BD|9245078|20|ANIMAL AMBASSADOR
175954846|40BB|9190647|20|GALEN COLLEGE OF NURSING
179075002|40BB|9244542|80|BROCKTON PUBLIC SAFETY
175929725|40BB|9180531|20|NEL HYDROGEN
175954867|40BB|9190647|50|GALEN COLLEGE OF NURSING
175929745|40BD|9180531|40|NEL HYDROGEN
176437600|40BB|9198865|50|JOHN DEERE FARGO - DOAU-1
176437587|40BB|9198865|20|JOHN DEERE FARGO - DOAU-1
176763160|40BD|9204855|20|OCEANWATCH MYRTLE BEACH
176852367|40BA|9205802|20|HALIFAX FSED ORMOND BEACH
176852379|40BA|9205802|60|HALIFAX FSED ORMOND BEACH
177113419|40BD|9211210|20|VIRBAC MEDICAL FEED
176763253|40BD|9204855|50|OCEANWATCH MYRTLE BEACH
177173626|40BB|9212255|40|BAY MILLS RESORT AND CASINO
177173514|40BB|9212255|20|BAY MILLS RESORT AND CASINO
176763267|40BD|9204855|80|OCEANWATCH MYRTLE BEACH
177501073|40BD|9219232|20|BAXTER REGIONAL MED CENTER ASC
177930966|40BB|9224855|20|LUCY HOLMAN ES
177930978|40BB|9224855|50|LUCY HOLMAN ES
176763281|40BD|9204855|110|OCEANWATCH MYRTLE BEACH
177930991|40BB|9225086|20|BETTENDORF YMCA 2023
177978662|40BB|9225650|20|PROJECT VISTA VE
177978672|40BB|9225650|50|PROJECT VISTA VE
177978683|40BB|9225650|80|PROJECT VISTA VE
177978694|40BB|9225650|110|PROJECT VISTA VE
178000641|40BB|9228709|20|OCEAN BEACH TOWER
178038650|40BB|9229237|20|ALBERT LEA HS POOL
178038659|40BB|9229237|60|ALBERT LEA HS POOL
178282824|40BD|9229680|20|THORNTON FRACTIONAL HS
178291515|40BB|9229421|20|DELAWARE COUNTY CC
178291664|40BB|9229421|350|DELAWARE COUNTY CC
178291608|40BB|9229421|80|DELAWARE COUNTY CC
178291626|40BB|9229421|200|DELAWARE COUNTY CC
178291614|40BB|9229421|140|DELAWARE COUNTY CC
178291639|40BB|9229421|230|DELAWARE COUNTY CC
178291620|40BB|9229421|170|DELAWARE COUNTY CC
178291652|40BB|9229421|290|DELAWARE COUNTY CC
178286353|40BD|9229726|20|DRIPPING SPRINGS ISD ES #6
178286365|40BB|9229726|60|DRIPPING SPRINGS ISD ES #6
178286377|40BB|9229726|100|DRIPPING SPRINGS ISD ES #6
178286389|40BB|9229726|140|DRIPPING SPRINGS ISD ES #6
178897159|40BD|9240235|20|QUARRY OAKS CLUBHOUSE REMODEL
178796578|40BB|9241508|20|PACE WESTMINSTER IL TOWER
178897232|40BB|9241314|20|BEATRICE YMCA THERAPY POOL
178902974|40BB|9242810|20|LANGLEY BAYVIEW TOWERS
178903264|40BB|9242810|40|LANGLEY BAYVIEW TOWERS
179280188|40BB|9237890|20|SHREWSBURY ELEMENTARY SCHOOL
179075027|40BB|9244550|20|BC HIGH CADIGAN HALL
179280201|40BB|9237890|50|SHREWSBURY ELEMENTARY SCHOOL
179410166|40BD|9249036|20|MARKET TOWER
178290559|40BA|9230250|20|DEL VALLE HS #2 (SECTION 1)
178290587|40BB|9230250|50|DEL VALLE HS #2 (SECTION 1)
178290805|40BB|9230363|160|DEL VALLE HS#2 (SECTION 2)
178290595|40BA|9230250|80|DEL VALLE HS #2 (SECTION 1)
178290793|40BB|9230363|120|DEL VALLE HS#2 (SECTION 2)
178290603|40BB|9230250|110|DEL VALLE HS #2 (SECTION 1)
178290763|40BA|9230363|20|DEL VALLE HS#2 (SECTION 2)
178290774|40BB|9230363|50|DEL VALLE HS#2 (SECTION 2)
178290782|40BB|9230363|90|DEL VALLE HS#2 (SECTION 2)
178291055|40BB|9230720|20|WHITELAND HS POOL
178291068|40BB|9230720|60|WHITELAND HS POOL
178291589|40BB|9230731|20|WHSAL DOAS
